guest_email,has_rewards,room_type,amenities_fee,checkin_date,checkout_date,room_rate,billing_address,credit_card_number
dsullivan@example.net,False,BASIC,14.25,2020-05-23,2020-05-29,120.62,"90469 Karla Knolls Apt. 781
Susanberg, CA 70033",5161033759518983
steven59@example.org,False,BASIC,13.17,2021-01-07,2020-12-02,105.48,"6108 Carla Ports Apt. 116
Port Evan, MI 71694",4133047413145475690
brandon15@example.net,False,BASIC,5.02,2020-08-18,2020-08-28,214.07,"86709 Jeremy Manors Apt. 786
Port Garychester, NY 89396",4977328103788
humphreyjennifer@example.net,False,BASIC,17.03,2020-08-05,2020-11-15,119.64,"8906 Bobby Trail
East Sandra, NY 43986",3524946844839485
joshuabrown@example.net,False,SUITE,2.71,2021-01-07,2020-12-18,254.62,"732 Dennis Lane
Port Nicholasstad, DE 49786",4446905799576890978
moondavid@example.com,False,BASIC,0.47,2020-01-24,2020-01-23,129.73,"812 Kimberly Forges
East Brianafurt, TN 07793",4265310195602383
patty61@example.com,False,BASIC,17.24,2020-05-03,2020-04-26,131.0,"7999 Sheila Forges Apt. 089
West Briannahaven, DC 42402",30279530784085
michellehill@example.net,False,BASIC,,2020-11-05,2020-11-08,155.56,"0794 Bell Causeway Suite 830
Port Joseph, WV 87475",2285102384715773
loganosborne@example.org,False,BASIC,29.66,2020-08-23,2020-08-19,123.42,"436 Derek Walks Apt. 522
Davisburgh, OK 13124",3541571714584497
gkey@example.org,False,BASIC,12.91,2020-07-22,2020-07-22,126.59,"26077 Small Courts
Brandonshire, IN 30170",676377598427
maykimberly@example.com,False,SUITE,21.35,2020-05-05,2020-06-09,215.33,"1943 Jones Crossing Apt. 570
Christensenview, SD 23020",3592111594414982
josephknight@example.com,False,BASIC,29.01,2020-11-25,2020-12-13,130.89,"315 Padilla Ports Apt. 924
New William, OH 86954",4574626038921
nmoses@example.com,False,BASIC,33.11,2020-10-06,2020-10-15,134.75,"117 Delgado Island Apt. 504
New Carrie, MA 69574",4646817800502538962
hamptonemma@example.net,False,BASIC,3.47,2020-12-05,2020-12-06,117.48,"61701 Brown Inlet Suite 727
Davisburgh, AS 70337",2264002136181479
paula75@example.org,False,BASIC,1.94,2020-11-15,2020-10-21,157.34,"67341 Gill Springs Suite 388
Lake Josephshire, ND 91686",348818694390143
zmurray@example.com,False,BASIC,17.71,2020-03-20,2020-03-20,143.7,"3373 Barbara Ramp Apt. 731
Port Paula, AR 38288",343590529390078
rfletcher@example.net,True,DELUXE,1.25,2020-11-23,2020-11-27,152.33,"410 William Fort Suite 078
Carrieport, VT 58792",6011030313305873
ruizcameron@example.org,False,BASIC,17.99,2020-04-07,2020-07-15,114.9,"USNS Hendricks
FPO AE 84604",6530016426177590
smithsara@example.org,False,BASIC,13.8,2020-01-29,2020-02-05,117.67,"4477 Paul Garden Apt. 483
Mcneilbury, MN 82285",3531337373719044
maria62@example.com,False,DELUXE,17.36,2020-03-07,2020-03-06,266.26,"PSC 9486, Box 4682
APO AA 98819",4063896844978
edwardstammy@example.com,False,BASIC,13.09,2020-03-28,2020-02-18,121.53,"343 Baldwin Rest Apt. 946
East Hollyview, LA 42007",3584822997257725
catherinemccormick@example.net,False,BASIC,18.94,2021-01-05,2020-11-27,158.57,"9445 Nicole Plaza Apt. 276
Eatonfurt, DC 18567",376430801126546
jesse07@example.net,False,SUITE,3.34,2020-01-24,2020-02-08,214.15,"1904 Wilson Creek Apt. 658
Lake Andrea, WY 90251",4037339889329
wendyjohnson@example.org,False,BASIC,4.49,2020-10-02,2020-11-25,118.66,"84957 Fields Plaza
Lake Benjamin, KY 84307",3569823991576069
omitchell@example.com,False,BASIC,23.5,2020-10-09,2020-09-27,118.85,"96390 Brady Bridge Suite 194
Lake Harold, PA 36574",4810391941356
westjoseph@example.com,False,BASIC,16.25,2020-09-26,2020-12-25,112.38,"367 Williams Parks Apt. 846
Marshville, NH 89621",30551556869242
jason43@example.org,False,BASIC,16.34,2020-04-30,2020-07-07,158.1,"8186 Matthew Trail Suite 357
Port Markside, SC 92450",349602870740423
lancewatkins@example.net,False,BASIC,19.24,2020-03-08,2020-03-16,310.96,"Unit 7599 Box 7175
DPO AA 75758",4205744860231
annesherman@example.org,False,BASIC,7.28,2020-05-31,2020-04-13,137.79,"Unit 1315 Box 2678
DPO AE 94415",345473988199462
kimlance@example.net,False,DELUXE,1.37,2020-05-28,2020-06-06,248.61,"77720 Andrew Burg
Alexandermouth, ND 28613",4161418441040
michaelwheeler@example.com,False,DELUXE,14.32,2020-04-01,2020-03-30,190.17,"4148 Ryan Tunnel
Lake Jay, NM 34078",180019825720206
randy76@example.com,False,BASIC,13.58,2020-05-02,2020-07-08,117.75,"607 Moran Stream Suite 476
West Sara, OK 12134",3535124304486489
pschroeder@example.org,False,BASIC,20.26,2020-10-12,,109.22,"7944 Watkins Pass
East Dale, KS 28967",4902035177669
ariana98@example.org,False,BASIC,,2020-01-05,2020-03-14,191.67,"472 Dodson Shore
West Mitchellville, VI 84398",3506550214739424
hillcourtney@example.com,False,BASIC,19.24,2020-08-23,2020-08-29,152.58,"503 Andrea Throughway
South Loribury, TX 29844",3584123918086024
edwinherrera@example.org,False,BASIC,27.98,2020-11-08,2020-11-15,146.2,"Unit 1814 Box 8918
DPO AP 84144",3583977398272995
nicolasodom@example.net,False,BASIC,41.48,2020-02-13,2020-02-17,122.98,"38971 Thompson Motorway Suite 674
Sarahfort, SC 76730",4286861979439116
richard66@example.com,False,BASIC,15.23,2020-03-05,2020-03-06,331.88,"504 James Cove Suite 629
Antonioshire, MD 92450",4329083901645640
james04@example.com,True,BASIC,0.72,2020-08-29,2020-09-04,145.1,"24927 Scott Rest
Dawsonmouth, MA 93046",4518063110185373
arianafritz@example.org,False,BASIC,37.65,2020-08-05,2020-08-05,139.42,"06616 Johnson Fall
Maryton, OR 34388",4446428671871066
ryan53@example.org,False,DELUXE,9.42,2020-12-16,2021-01-08,190.59,"6316 Brian Inlet Apt. 103
East Edward, ND 87314",639046647868
bobbyreid@example.com,False,BASIC,15.58,2020-09-27,2020-09-22,113.03,"1573 Jose Burg
Kempland, MO 73717",3546804356032185
jeannephillips@example.com,False,SUITE,15.89,2020-04-23,2020-06-12,292.12,"PSC 5190, Box 7655
APO AP 46221",4063108163874364749
latoya51@example.org,False,BASIC,32.89,2020-08-30,2020-08-31,193.6,"213 Luna Isle
Lake Frank, TN 44392",340691490658064
duncanmegan@example.net,False,BASIC,11.65,2020-06-08,2020-06-25,164.19,"303 Lucas Forges Suite 796
Williammouth, NY 61985",6597769486721653
gabriel70@example.net,False,BASIC,,2021-01-06,2020-10-07,105.11,"438 Kent Inlet Apt. 154
Wilsonville, NY 12624",30135155814500
floreskristine@example.org,False,BASIC,21.04,2020-11-11,2020-10-11,147.25,"52701 Rivera Light
Fergusonberg, VT 94936",6011819510591131
lydiabenjamin@example.net,False,DELUXE,35.03,2020-03-14,2020-03-14,189.76,"01757 Rebecca Ville
North Jonathantown, MT 05749",501891404730
gcarroll@example.com,False,BASIC,27.3,2020-03-01,2020-03-04,119.37,"722 Kristine Dam Apt. 241
East Josephport, AL 31161",4129712498313
jorge85@example.org,False,BASIC,16.01,2020-11-12,2020-09-07,110.97,"56383 Melinda Oval
Wallacetown, PR 16577",4911043735166894
olsensharon@example.net,False,BASIC,25.61,2020-12-24,2020-11-26,109.68,"8545 Morgan Stream
Clairefurt, DC 46304",3555668582375207
dschmidt@example.org,False,BASIC,10.35,2020-10-14,2020-10-04,112.68,"813 Leslie Square Apt. 873
Lake Stephen, NE 19558",213158615508396
elizabethgutierrez@example.com,False,BASIC,9.98,2020-01-14,2020-01-13,130.11,"69915 Hernandez Trail
Port Gloria, LA 62412",4718716188915439
sanchezangela@example.net,False,BASIC,23.37,2020-02-19,2020-02-17,129.26,"589 Smith Views Suite 291
East Adam, WA 16329",371872392770288
vanessaacevedo@example.org,False,BASIC,20.0,2020-11-22,2020-11-19,107.67,"9532 James Cove Suite 769
Port Rachelshire, FM 54311",345637248311683
ericalandry@example.org,False,SUITE,9.89,2020-05-17,2020-04-12,273.27,"007 Edward Flats Apt. 586
Lake Maria, TN 79006",3534351797560220
ramossamuel@example.org,False,BASIC,20.45,2020-06-27,2020-07-02,114.52,"9006 Whitney Viaduct
Russoview, NC 60267",30067736569503
pclark@example.net,False,BASIC,14.4,2020-04-20,2020-07-29,116.44,"3628 Jessica Key
Collinsfort, MD 43974",3568246387273375
hayesjeffery@example.net,False,BASIC,28.87,2020-12-20,2020-12-27,157.56,"5670 Bennett Run Apt. 065
East Jeremiah, NC 88351",3524466883698569
julie49@example.com,False,BASIC,36.66,2020-04-16,2020-04-24,121.42,"906 Theresa Square
East Michele, GA 92947",639074650834
caitlincasey@example.com,False,BASIC,23.12,2020-12-13,2020-12-14,117.46,"979 Gary Centers Apt. 795
North Lancemouth, IA 47785",3589934248488903
justincervantes@example.org,False,BASIC,22.35,2020-07-25,2020-07-26,127.95,"61525 Holland Track
South Kayla, DE 04657",36541279345160
robert27@example.com,False,DELUXE,8.0,2020-12-08,2020-12-11,243.61,"181 Smith Crest
East Aaron, WA 28307",6510029831388441
matthewlamb@example.com,False,BASIC,11.39,2020-08-06,2020-08-27,162.06,"2999 Banks Well Suite 341
Andrewmouth, AS 64872",3560790999943816
amoyer@example.com,False,BASIC,16.0,2020-04-03,2020-04-05,130.91,"1388 Maria Dam Suite 130
Jonstad, NH 62994",213171770647065
jrobinson@example.net,False,BASIC,28.72,2020-01-18,2020-01-22,108.01,"75653 Donna Walk Apt. 422
South Matthewshire, MT 62719",2266719808278444
thompsonsamantha@example.org,False,BASIC,19.19,2020-08-16,2020-07-30,121.77,"6985 Donald Viaduct Suite 805
Robinsonburgh, OR 29137",3571618979866474
wdavidson@example.com,False,BASIC,30.12,2020-05-17,2020-05-22,113.8,"6558 Tanner Village Apt. 968
North Cristinaport, DE 40644",4144996563062849794
druiz@example.com,True,BASIC,0.0,2020-07-09,2020-09-11,90.15,"549 Phillips Dale
Strongport, NH 45080",3559931786412390
baileyhoward@example.com,True,DELUXE,0.06,2020-02-02,2020-02-06,223.27,"2423 Fisher Circles Suite 622
Taraport, KY 13532",374845103488413
smiller@example.com,False,BASIC,26.3,2020-07-01,2020-07-07,104.52,"9690 Walker Radial
Turnerbury, NM 91430",3539822481701135
lindsey88@example.com,False,DELUXE,23.7,2020-06-25,2020-06-21,197.15,"194 Carmen Gateway
Timothyhaven, AL 95173",3566515327829948
jmcconnell@example.com,False,BASIC,12.7,2020-06-07,2020-06-13,108.25,"51235 Rose Expressway
North Ashleyshire, DC 62199",4227426144617853509
kimberly45@example.org,False,BASIC,16.7,2020-08-24,2020-08-02,112.89,"55959 Williams Stream Apt. 137
Davisport, MN 21342",213106284869797
amanda81@example.com,False,BASIC,13.79,2020-04-20,2020-04-21,113.58,"0320 Elizabeth Hills Apt. 993
New Veronica, NC 65740",30367648593397
melissamcintosh@example.com,False,BASIC,22.94,2020-02-15,2020-02-21,229.49,"6482 Edward Mill Suite 392
Donaldsonstad, UT 45343",36758350709037
urobertson@example.net,False,BASIC,,2020-05-25,2020-05-31,124.76,"830 Logan Springs
South Anthonychester, LA 58330",4515909538160
payala@example.com,False,BASIC,18.96,2020-01-23,2020-01-30,146.64,"662 David Key
Monicaburgh, NM 67532",2223282089214739
adamslaura@example.net,False,BASIC,26.53,2020-11-04,2020-11-05,137.1,"95517 Moreno Village
East Beverly, MA 80920",4460822889639011505
nicholas86@example.com,False,BASIC,,2020-07-23,2020-07-23,136.2,"82288 Jonathan Spring Suite 636
Griffinview, FM 37475",30417835823568
kevin21@example.org,False,SUITE,,2020-04-15,2020-09-05,336.51,"57222 Mitchell Terrace Suite 248
West Vickifort, TX 23313",4222113113118
warnerkristopher@example.org,False,DELUXE,2.4,2020-07-18,2020-07-19,295.79,"640 Stewart Plain Suite 593
Darrellburgh, CA 10432",3536276868075212
oliviaking@example.org,False,BASIC,26.22,2020-12-26,2021-01-04,127.57,"45077 Campbell Isle
Jasonton, MN 81190",375220347074495
bryanphelps@example.net,False,BASIC,14.33,2020-05-14,2020-07-26,132.94,"83827 Thomas Bypass Apt. 311
Schultzton, MD 29901",3520597526806575
michelewright@example.com,False,BASIC,8.34,2020-08-14,2020-06-16,116.31,"967 Romero Views
New Caitlin, PW 40100",5311426893134544
kyledudley@example.org,True,SUITE,,2020-12-02,2020-12-03,161.2,"3459 Nichols Curve
Steeleton, FM 53127",4615637666614936
helenwilson@example.org,False,BASIC,25.7,2020-09-26,2020-07-26,125.79,"21570 Susan Club Suite 425
Aaronmouth, IL 06934",4066160305102460611
alvarezalice@example.net,False,BASIC,20.45,2020-06-07,2020-06-17,118.6,"14946 James Square
East Michael, MH 67454",3537982681670662
nkelly@example.com,False,BASIC,21.24,2020-12-02,2020-11-30,252.0,"489 Cesar Drive
West Heatherchester, FL 31037",3535362487378640
owallace@example.net,False,DELUXE,18.64,2020-11-15,2020-11-14,191.87,"8467 Elizabeth Street
East Carl, SD 03656",3572989758679308
donaldsontina@example.com,False,BASIC,9.11,2020-03-05,2020-03-09,164.82,"USS Acevedo
FPO AA 14750",3539675343935758
dmatthews@example.net,False,BASIC,3.67,2020-06-26,2020-05-30,181.41,"6643 Sean Summit
Terryville, PW 27509",676392064587
michelewalters@example.org,False,BASIC,15.98,2020-04-21,2020-05-05,114.3,"USS Gill
FPO AP 30816",4477082823226
egonzales@example.com,False,BASIC,,2020-12-11,2020-12-15,119.17,"14723 John Path
Hallview, SD 81329",4916690815636835
patrick66@example.com,False,BASIC,20.84,2020-01-15,2020-01-20,108.95,"27956 Stephen Prairie Apt. 212
Port Carolynville, MH 78658",4301565592711485
lynnjohnson@example.org,False,BASIC,21.46,2020-11-23,2020-12-01,128.25,"3661 Barnes Fields
Moyerton, FM 08428",370346538790667
omartin@example.org,False,BASIC,21.12,2020-11-25,2020-12-12,108.49,"PSC 7293, Box 3378
APO AA 42361",503839312066
meghanharrington@example.com,False,BASIC,21.55,2020-08-06,2020-08-05,136.88,"981 Phillips Drive
South Dylanfort, LA 94288",4045519176177036
garydavid@example.net,False,BASIC,24.59,2020-09-26,2020-06-20,116.42,"6887 Brown Wall Suite 958
West Jessicaside, WA 44167",566554083360
emily36@example.com,False,BASIC,10.3,2020-12-17,2020-12-18,123.2,"7322 Stevenson Greens
Pearsonfort, IL 85695",3543464185103468
shawn99@example.com,False,BASIC,2.48,2020-04-24,2020-07-23,132.74,"1898 Veronica Parkway Suite 812
West Danielborough, ND 18619",213195996696127
ihuffman@example.com,False,BASIC,13.6,2020-08-10,2020-08-05,112.51,"4042 Kelly Place Apt. 548
Rebeccaview, DC 64405",4797093166459
hwaller@example.com,False,BASIC,35.77,2020-02-11,2020-02-09,103.0,"198 Owens Crossing Suite 283
Bradymouth, OH 95491",3523597598128160
larsenjessica@example.com,False,BASIC,21.33,2020-01-31,2020-02-02,119.56,"39738 Cruz Road Suite 441
Destinyside, GU 24087",379335951039232
romanmonica@example.org,False,BASIC,23.13,2020-06-28,2020-07-04,110.06,"PSC 6782, Box 3051
APO AP 34277",6011815474809097
steven96@example.org,False,BASIC,25.36,2020-08-20,2020-05-22,166.92,"0675 Miller Junction Apt. 910
North Brenda, IL 14513",213145436399683
brittneyrose@example.com,False,DELUXE,36.68,2020-07-22,2020-07-20,194.07,"PSC 0455, Box 6445
APO AP 35692",4924262139097
katherinewilson@example.com,False,BASIC,2.52,2020-05-22,2020-05-23,105.03,"3409 Douglas Rapids Apt. 194
Matthewmouth, WY 74030",4264359839462887
ramirezroy@example.org,False,BASIC,36.71,2020-04-29,2020-05-26,130.42,"11825 Daniel Mountain
Petersonmouth, KS 49988",30247222307549
patrickangela@example.org,False,BASIC,28.28,2020-06-18,2020-08-20,188.74,"58492 Edwards Expressway Suite 938
Estradachester, AK 74266",4573075815347654
xknapp@example.com,True,DELUXE,,2020-05-05,2020-06-16,199.5,"11449 Bird Freeway
Thomasmouth, SC 07695",38747666993482
sandra49@example.org,False,DELUXE,26.39,2020-02-25,2020-03-04,324.38,"09628 Victoria Loaf Apt. 403
North Amy, AS 53133",4082294605427
elizabeth92@example.org,False,BASIC,1.94,2020-04-16,2020-02-21,99.14,"18015 Mccarthy Garden Suite 514
Port Christophermouth, TX 92469",573996450835
williamschristina@example.com,False,BASIC,22.51,2020-10-22,2020-10-24,140.94,"6380 Young Plain Suite 990
East Sara, NV 85238",4634108819865699
rodriguezmichael@example.net,False,BASIC,15.83,2020-06-24,2020-06-04,114.11,"28218 Matthew Crescent Apt. 658
West Meganmouth, OK 24317",30081367130477
ohenderson@example.com,False,BASIC,21.41,2020-07-15,2020-07-17,111.0,"9662 Webster Squares
Mccoymouth, KY 89847",2279381942425087
isanchez@example.com,False,BASIC,17.45,2020-08-24,2020-06-29,133.07,"Unit 8090 Box 7443
DPO AE 80253",4376810967419137393
owensdavid@example.net,False,BASIC,5.21,2020-06-30,2020-07-04,172.09,"USS Hays
FPO AP 27393",30089791317263
alexanderevans@example.org,False,BASIC,25.07,2020-05-10,2020-07-09,114.44,"077 Hanson Port Suite 624
West Josephhaven, TX 40347",6514757946671725
iharper@example.net,False,BASIC,42.49,2020-10-09,2020-07-01,222.51,"790 Jacob Station Apt. 170
New Franciscoton, MT 52296",3592960442031590
smithhenry@example.net,False,BASIC,,2020-11-16,2020-11-21,111.73,"726 Diana Isle
Lake Thomas, KY 61607",30328180973330
amy62@example.org,False,SUITE,26.23,2020-08-17,2020-08-29,214.2,"Unit 7662 Box 2331
DPO AP 35173",3516093866382167
amanda10@example.com,False,BASIC,11.49,2020-04-13,2020-07-22,124.73,"50820 Tonya Square
Shafferton, MP 65957",6011674464126719
emilycurtis@example.org,False,BASIC,,2020-04-10,2020-06-06,123.33,"41455 Bean Avenue
Caseyborough, MD 87403",5346197975577665
hernandeztheresa@example.net,False,BASIC,14.16,2020-06-28,2020-06-24,180.39,"81197 Kyle Mountains Apt. 061
Williamstown, TX 92505",4840859402789713091
bettyzuniga@example.org,False,BASIC,8.27,2020-11-15,,181.77,"42851 Patty Meadows
West Timothy, NV 14541",180076657636827
erikfisher@example.org,False,BASIC,33.08,2020-07-17,,169.54,"6877 Jose Forest
Bowmanshire, MT 17339",4173671577758
qcook@example.com,False,DELUXE,5.45,2020-02-05,2020-02-09,178.8,"689 Norton Grove Suite 146
New Lukebury, CA 75267",4879555550576
colerobert@example.com,False,BASIC,27.73,2020-03-15,2020-03-17,117.35,"1363 Kent Drive Suite 128
Jonathanmouth, SC 65001",377146082877842
deborah80@example.com,True,BASIC,0.0,2020-10-05,2020-10-26,208.62,"69896 Joshua Plaza
Toddborough, MT 22656",3537048722742355
margaretperkins@example.net,False,DELUXE,,2020-02-13,2020-02-19,149.19,"147 Shelley Estate
Lake Roy, MT 12777",3533953097364665
coloncatherine@example.net,False,BASIC,,2020-08-21,2020-09-06,110.66,"850 Cook Overpass Apt. 644
Powellmouth, TN 86806",4122875311580468
nwolf@example.com,False,BASIC,29.95,2020-06-11,2020-05-14,156.76,"663 George Station Suite 346
Danielleton, IA 34698",372363482955103
marcusduran@example.net,False,BASIC,17.81,2020-03-26,2020-05-31,128.4,"8440 Brandon Square
Tinahaven, WY 66490",60491660423
bentleyamanda@example.com,False,BASIC,16.35,2020-04-15,2020-04-13,124.39,"9689 Gerald View Apt. 444
Bernardchester, AR 89039",501815438897
natashaanderson@example.com,False,BASIC,37.35,2020-05-01,2020-07-04,163.9,"94009 Christine Drives Apt. 262
Angelaland, WY 23967",30491424783269
simmonsashley@example.org,False,BASIC,16.54,2020-11-19,2020-11-20,114.06,"8653 Tina Springs Apt. 142
New Richard, ME 14880",3593556922816598
xbaker@example.org,False,DELUXE,15.63,2020-07-21,2020-08-18,216.77,"879 Fitzpatrick Ridges Suite 622
Mariaberg, ID 53614",3503190707025412
vreynolds@example.com,False,BASIC,9.67,2020-06-07,2020-06-05,156.49,"6538 David Glen
New Katelyn, DC 47444",36597739632134
singletonmegan@example.org,False,DELUXE,20.03,2020-07-05,2020-07-07,171.82,"1736 Jesse Bridge Apt. 853
East Lauren, KY 53027",4070615716627
kimberlytran@example.org,False,DELUXE,34.43,2020-04-08,2020-04-08,131.76,"138 Montgomery Prairie
Hilltown, HI 60402",36581779385993
andrea02@example.net,False,BASIC,18.74,2020-02-12,2020-02-10,215.76,"2265 Melissa Manor
Rhondaport, MD 71545",30227185111997
sarahreed@example.org,True,BASIC,1.11,2020-07-25,2020-07-10,106.66,"004 Jonathan Brooks
Cassidyfurt, ME 67963",676193428338
andrew74@example.net,False,DELUXE,28.87,2020-02-03,2020-02-07,260.49,"13517 Steven Streets
Thomashaven, NJ 90973",3592499992775801
kristineschmitt@example.org,False,BASIC,35.2,2020-07-24,2020-07-23,116.68,"545 Sandra Forges Suite 227
Port Davidburgh, FM 44366",502045384356
wilsonpatricia@example.org,False,BASIC,25.2,2020-09-06,,123.51,"89017 King Brooks
North Nathanielstad, SC 23010",4301022043175092
brennankathy@example.org,False,BASIC,29.45,2020-10-31,2020-11-04,132.32,"1166 Baker Forge Suite 344
Lindachester, MT 88283",2714609994901743
imcneil@example.org,False,BASIC,14.81,2020-01-29,,112.6,"USNV Baker
FPO AE 96644",4585311299149
donaldmoran@example.org,False,DELUXE,12.31,2020-02-23,2020-03-02,291.57,"8475 Joe Circle Apt. 687
Lake Brittany, KY 78373",3512976478151414
lonnie61@example.com,False,BASIC,11.34,2020-01-26,2020-02-27,105.56,"3150 Tran Circles Suite 546
Lorishire, NY 26753",4627327959298
gruiz@example.org,False,BASIC,19.6,2020-05-29,2020-06-01,105.82,"7954 Newman Underpass
Jacquelinefort, IN 76382",4093719998248
matthewsdavid@example.net,False,BASIC,29.08,2020-09-29,2020-07-13,172.2,"USNS Pope
FPO AA 91866",2261110966057157
cbarron@example.net,False,BASIC,17.47,2020-02-16,2020-06-26,116.19,"9927 Christopher Avenue
South Tiffanytown, WV 62740",4394266404373246
mannrichard@example.org,False,BASIC,34.93,2020-11-18,2020-11-20,123.42,"4974 Rhonda Coves Apt. 559
Elizabethchester, AR 84322",3580524759052229
bsmith@example.org,True,BASIC,2.55,2020-06-11,,140.3,"47646 Young Branch Apt. 502
Donnaview, VT 05909",3594456916582521
ksweeney@example.net,False,DELUXE,23.52,2020-12-11,2020-12-11,227.31,"7233 Hopkins Junctions Apt. 564
Port Ritaburgh, FL 70236",30119699516961
denise69@example.net,False,BASIC,27.44,2020-04-19,2020-04-21,232.14,"8498 Dunn Underpass Apt. 198
Susanborough, VI 79784",376094928690311
reynoldspatrick@example.org,False,BASIC,14.9,2020-08-19,2020-08-21,122.62,"9526 Melinda Branch Suite 583
Skinnerborough, CO 09423",3537122311970519
donald09@example.com,False,BASIC,21.4,2020-02-12,,117.86,"01325 Robert Crest
Christinachester, IL 52520",4779004086845948306
lee18@example.com,False,BASIC,20.03,2020-08-28,2020-08-25,107.86,"9852 Natalie Turnpike
Port Joyce, UT 63499",3539063597121021
thomas30@example.net,False,SUITE,20.54,2020-08-19,2020-08-19,260.87,"PSC 7335, Box 5459
APO AE 25273",4823175212178609
jacksonjennifer@example.org,False,BASIC,20.48,2020-04-04,2020-04-06,126.5,"1930 Ashley Mill
South Bryan, CO 86591",3537787595326131
james08@example.net,False,BASIC,32.29,2020-08-14,2020-09-29,120.31,"607 Miller Cove Suite 101
North Christina, AZ 73591",4025683496411
gwilson@example.net,False,BASIC,21.34,2020-09-30,2020-10-30,111.69,"58029 Hogan Overpass
Murrayview, MP 63569",4525630044255760
colestephen@example.org,False,BASIC,25.05,2020-10-06,2021-01-04,169.46,"02918 Cummings Islands Apt. 405
North Bethany, WI 99431",6563263075996827
joshuadavis@example.com,False,BASIC,27.99,2020-10-30,2020-10-31,113.44,"35565 Beverly Tunnel
Port Ann, HI 90490",4299575163571745442
brianarobinson@example.org,False,BASIC,18.1,2020-12-13,2020-12-16,111.08,"PSC 5212, Box 1035
APO AP 93662",30259195740309
ejordan@example.org,False,DELUXE,15.67,2020-11-27,2020-11-29,199.98,"30428 Sheri Wall Apt. 502
East Austinbury, TX 89095",3516024762215953
ucurtis@example.org,False,BASIC,36.53,2020-11-11,2020-11-18,97.9,"474 Christina Parks Suite 890
Robertsland, NJ 72397",180031344472243
wmills@example.com,False,BASIC,18.94,2020-09-12,2020-09-13,113.18,"31398 Rodriguez Heights Suite 829
Bradyberg, NM 46128",4518729568870
taylorlewis@example.org,False,DELUXE,1.8,2020-10-30,2020-08-10,163.12,"Unit 2102 Box 1114
DPO AE 57985",3569091581292790
orodriguez@example.org,False,BASIC,33.88,2020-07-19,2020-07-22,115.3,"00923 Lopez Drive
Fullerland, MI 02985",4750955090770
hector56@example.com,False,BASIC,23.0,2020-09-13,2020-08-19,150.29,"USCGC Crawford
FPO AA 55840",3558365394204926
vincenthamilton@example.net,False,BASIC,26.97,2020-01-29,2020-02-01,180.45,"9282 Stewart Burg Suite 191
West Angela, MN 16233",4019739786492615
durhamamanda@example.net,False,DELUXE,32.35,2020-02-12,2020-02-18,340.02,"2818 Leah Plains
Thomasberg, AS 15443",4929113109944581957
longgloria@example.net,False,BASIC,13.65,2020-09-28,2020-11-24,139.88,"1454 Annette Viaduct Suite 275
New Jasonton, RI 43430",4337840826533932
laurabarber@example.net,False,BASIC,16.98,2020-09-08,2020-06-28,117.67,"173 Evan Throughway Apt. 887
Dayburgh, VI 48475",5422615446584470
teresajones@example.com,False,BASIC,18.1,2020-11-07,2020-09-25,163.2,"10925 Max Hill
Lake Jonland, WA 79419",502083259569
omoss@example.com,False,DELUXE,5.93,2020-07-29,2020-07-29,218.44,"271 Bennett Locks
Robertborough, OK 32351",30520604724857
beltranelizabeth@example.com,False,DELUXE,21.75,2020-09-13,2020-10-05,255.56,"7579 Lisa Groves Apt. 800
Randallbury, SD 73145",4701198059583191
autumn41@example.com,True,DELUXE,5.96,2020-06-21,2020-05-08,181.58,"32635 Sharon Track Apt. 798
Wheelerview, MO 97295",4376927189034053
rachel49@example.net,False,DELUXE,4.69,2020-08-27,2020-08-06,201.79,"Unit 6783 Box 5582
DPO AA 95003",180043319633493
feliciamedina@example.net,False,BASIC,23.08,2020-05-05,2020-05-17,126.37,"PSC 9507, Box 9129
APO AE 59047",4598629276652126
carpenterdonald@example.com,False,BASIC,12.51,2020-07-03,2020-07-04,99.29,"571 Long Locks Apt. 839
South Rebeccaport, AS 73927",3559759915511208
valenciacatherine@example.com,False,BASIC,27.1,2020-02-17,2020-02-22,117.41,"4161 Stevens Stravenue
Taylorhaven, PW 61543",2284126671913065
aray@example.com,True,BASIC,0.9,2020-05-23,2020-05-27,140.83,"18057 Knight Loop Apt. 849
Lake John, VA 41472",30165656067852
jasmine35@example.com,True,DELUXE,0.0,2020-06-30,2020-07-08,186.81,"39102 Boyer Unions Suite 537
Briantown, ID 19462",180025830130067
johnstonmary@example.net,False,BASIC,15.78,2020-06-05,2020-08-18,116.26,"95606 Moreno Rapids
Hernandezview, OH 41238",6568131151752072
vcrane@example.com,False,DELUXE,30.63,2020-07-24,2020-08-10,299.79,"0640 Julia Fork
Lopezside, GU 96563",180018229465020
xsmith@example.org,False,BASIC,19.45,2020-05-06,2020-04-05,107.21,"48757 Brown Square Apt. 726
Rushchester, WI 76222",6581546438825693
david04@example.com,False,SUITE,,2020-08-14,2020-08-12,267.53,"2109 Michael Valley Apt. 543
South Amandachester, OR 98698",213131664473879
kyle22@example.org,False,BASIC,29.9,2020-06-12,2020-08-23,132.03,"1845 Oneal Hill
East Nicholas, UT 72909",213196947480595
hebertaaron@example.net,False,BASIC,23.85,2020-09-04,2020-09-06,203.5,"098 Rebecca Streets
Port Larry, OK 86483",675917284357
sarah11@example.net,False,BASIC,9.24,2020-06-02,2020-08-18,107.56,"732 Teresa Extensions
Port Amberview, FL 97233",503833287975
peterhoffman@example.com,False,BASIC,15.86,2020-03-14,2020-03-14,129.27,"254 Leslie Point
Port Dylanbury, WA 43873",6555917095260072
vcox@example.org,False,DELUXE,10.76,2020-10-20,2020-10-11,193.52,"50793 Dylan Mountains
South Samanthaside, VT 55904",4744785762963766
denisenelson@example.com,False,DELUXE,10.73,2020-10-28,2020-10-01,222.26,"54879 Frey Roads
Riceshire, DC 52874",2717568798776510
mitchellvictor@example.com,True,DELUXE,0.37,2020-09-13,2020-07-23,233.15,"834 Kim Junctions
Bowenhaven, CO 25233",4420703202651
lauren41@example.com,False,BASIC,17.77,2020-12-10,2020-10-11,110.49,"0435 Charles Prairie Apt. 345
Lake Christine, CA 83984",4025890387301945
smithpatty@example.org,False,BASIC,9.72,2020-03-05,2020-03-04,123.72,"351 Tiffany Route
North Caleb, FM 22975",4060072691768924697
raymond78@example.org,False,BASIC,26.43,2020-07-13,2020-04-19,173.77,"6238 Kristy Corners
Kyleton, VT 92393",573770300487
kjones@example.org,False,BASIC,25.33,2020-09-23,2020-09-08,175.42,"359 Mendez Isle Apt. 001
Andreastad, CA 26962",3522313302251053
lynnyoung@example.org,False,BASIC,17.91,2020-07-28,2020-07-29,111.2,"58634 Jeffery Flat
New Allenmouth, LA 78920",4663874516332101
xmccarthy@example.org,False,BASIC,22.02,2020-10-05,,187.64,"859 Jones Pass Suite 844
Stevenland, TN 60007",4926153014995732
jimmy72@example.net,False,BASIC,13.95,2020-10-11,2020-10-13,143.42,"1307 Barajas Corner
New Kathryntown, AZ 16377",6011048357365389
gregoryjarvis@example.net,False,BASIC,2.83,2020-10-15,2020-09-02,127.12,"505 Katie Place Apt. 987
New Jasminefort, IN 13358",6011906484986999
hudsondavid@example.org,False,BASIC,34.55,2020-01-05,2020-01-07,244.38,"0531 Christine Parks Suite 065
West Amy, WI 96957",3552190922756734
ljones@example.net,False,BASIC,20.03,2020-06-07,2020-06-13,227.03,"9619 Oconnor Island
South Davidstad, NY 20203",3594497704118862
shawn44@example.org,False,BASIC,22.91,2020-10-16,,187.53,"04108 Fernandez Dam Apt. 075
Anthonyland, IN 32676",348705916260883
lopezsarah@example.org,False,BASIC,15.12,2020-05-03,2020-07-12,121.25,"720 Rodriguez Keys
South Jennifer, MT 23861",3557155124247944
williamcurry@example.org,False,BASIC,6.36,2020-02-27,2020-04-13,147.08,"115 Jones Squares Apt. 556
Smithchester, GU 44403",30561385657981
sgray@example.net,False,BASIC,3.53,2020-03-21,,138.99,"921 Medina Plaza Suite 730
Lake Anthonyshire, PR 39977",502090774220
oconnellcatherine@example.org,False,DELUXE,37.43,2020-07-13,2020-09-07,202.77,"013 Allison Way
East Heidifurt, ND 36432",4792044570187676
kellerelizabeth@example.com,False,BASIC,21.78,2020-08-05,2020-08-02,127.98,"3959 Ronald Prairie
West Georgeberg, KY 61511",2702942300539640
zjames@example.org,False,DELUXE,46.9,2020-02-07,2020-02-11,167.35,"8119 Munoz Drive Apt. 410
Shannonberg, NY 58651",4864900572946448
jameshenry@example.com,False,DELUXE,24.18,2020-07-05,2020-07-09,329.49,"093 James Loop
South Eric, MA 77255",675962185673
jillianwilliams@example.net,False,BASIC,21.03,2020-03-03,2020-03-05,120.2,"14380 Jacob Harbors
Lake Kimberlyview, LA 39647",4436788034860425
beasleyjillian@example.org,True,SUITE,0.0,2020-12-16,2020-11-20,280.46,"48789 Bernard Route
North Jennifer, NM 37237",4847331928682340585
nsaunders@example.com,False,BASIC,18.29,2020-04-01,2020-04-10,110.2,"8205 Joseph Station Apt. 284
South Elizabeth, MO 49537",346519124027287
edwin11@example.com,False,BASIC,21.09,2020-04-06,2020-05-21,115.61,"4913 Melody Brooks
West Jonathan, CA 30729",30047698841504
reedjennifer@example.org,False,BASIC,24.43,2020-04-17,2020-06-01,160.25,"4578 Megan Ways Apt. 425
Patrickstad, AS 85954",378784585919551
ryan15@example.org,False,BASIC,23.9,2020-09-29,2020-09-12,148.54,"8252 Matthew Stravenue Suite 152
Vasquezmouth, FM 53453",6554804890669932
stevenirwin@example.com,False,BASIC,23.99,2020-03-29,2020-01-07,115.66,"1603 Ross Port
North Maryland, OK 05883",340138677776095
wmiller@example.net,False,BASIC,18.0,2020-08-28,2020-08-12,114.28,"3616 Smith Brooks
New Sarachester, SD 23352",3531068255516196
ashleyrivera@example.org,False,BASIC,25.9,2020-09-18,2020-08-31,189.5,"40317 Anderson Grove
Adambury, OH 90529",4148547514715072115
fadkins@example.org,False,DELUXE,22.95,2021-01-01,2020-11-01,169.94,"934 Roach Point Suite 507
Rodriguezberg, KY 78686",4308416715110226
josephwalker@example.org,False,BASIC,7.16,2020-10-02,2020-07-30,118.23,"846 Charlene Groves
South Nicolestad, GU 51879",3558319931672814
johnathannewman@example.com,False,DELUXE,18.35,2020-04-23,2020-05-03,192.65,"075 Travis Stravenue
Lake Debbie, WI 09844",30454028242256
charlesemily@example.org,False,BASIC,25.32,2020-11-16,2020-11-19,104.13,"Unit 5140 Box 9455
DPO AA 32867",4982443854448
huangpatrick@example.net,False,BASIC,12.42,2020-05-17,2020-07-11,120.48,"754 Aaron Forge
Collierberg, MN 52960",3555732680405140
ggonzalez@example.org,False,BASIC,8.29,2020-04-21,2020-05-01,111.22,"030 Mcdonald Place Apt. 557
Cheyennemouth, OH 89449",38028750084516
icameron@example.org,False,BASIC,,2020-11-07,2020-11-16,110.33,"005 Graves Views
Brightside, GU 61662",373290890180801
allen45@example.net,False,BASIC,14.88,2020-09-28,2020-10-25,104.96,"065 Mccarthy Drive Apt. 821
New Victoria, NH 10405",2278705298550166
robertpope@example.org,False,DELUXE,21.99,2020-11-22,2020-11-20,196.39,"5759 Danielle Groves
Patriciaville, CA 98274",30387271121340
reginajohnston@example.net,False,BASIC,21.03,2020-11-20,2020-11-23,104.36,"2452 Susan Neck
Saraberg, CT 43670",4474631371517658
tdaniels@example.com,True,BASIC,,2020-01-05,2020-02-17,119.26,"70056 Stewart Rue Apt. 274
South Davidville, NC 41739",4569503670974342
kristenmassey@example.com,False,BASIC,,2020-01-05,2020-02-27,111.45,"058 Donna Forest
Barrettstad, DC 38677",3527193895081975
batestimothy@example.org,False,BASIC,24.33,2020-11-20,2020-11-25,123.85,"0726 Ferguson Crest Apt. 219
Amyview, WI 04943",372966782584504
abigailmata@example.org,False,BASIC,5.16,2020-04-08,2020-07-27,104.42,"127 William Parkway
North Donaldstad, IN 37370",180089807221929
blairjaime@example.net,False,BASIC,29.02,2020-04-12,2020-08-05,172.47,"459 Stewart Valley
North Stephen, GA 04236",3551220646107053
karensullivan@example.net,True,BASIC,0.0,2020-02-06,2020-02-06,104.94,"Unit 3220 Box 6085
DPO AP 56069",30073817564579
qrodriguez@example.org,False,BASIC,24.69,2020-11-16,2020-09-14,177.58,"2498 Richard Grove Apt. 509
Brittanymouth, SD 54051",4032796072905547
muellerdaniel@example.net,False,DELUXE,37.95,2020-05-10,2020-05-08,230.54,"62440 Kaitlyn Mountain Apt. 360
New Nancyburgh, CT 02440",3535339966700973
matthewrogers@example.org,False,BASIC,16.11,2020-08-12,2020-08-22,130.54,"84987 Jacob Fields
South Crystal, MN 35610",4537877540505965519
prios@example.org,False,BASIC,4.38,2020-02-11,2020-02-13,119.68,"8085 Maria Burg Suite 705
Matthewsburgh, OR 89351",3503435140114749
glenn22@example.com,True,BASIC,4.34,2020-08-13,2020-11-13,160.32,"7892 Victoria Lock Suite 397
Emilychester, NH 81383",30590356858757
ingramemily@example.net,False,BASIC,21.77,2020-05-03,2020-03-07,183.28,"3186 Bridges Pass Suite 958
Callahanland, MT 60127",4132150419654443
stephanie76@example.org,False,BASIC,19.33,2020-10-19,2020-10-23,103.93,"5064 Carter Forge
Sharonstad, IL 08635",6011140512800986
lewisamanda@example.org,False,BASIC,18.45,2020-05-06,2020-05-05,112.76,"82356 Jonathan Station
Port Ericaberg, WV 37556",30324022706012
allison28@example.net,True,BASIC,3.35,2020-11-16,2020-12-06,126.35,"39843 Burke Greens
Josephmouth, WI 24801",30579698322036
robertmills@example.net,False,BASIC,7.36,2020-03-10,2020-03-05,116.44,"4075 Palmer Pass
South Peter, NH 59121",341872398754994
robleswillie@example.com,False,BASIC,25.92,2020-09-21,2020-09-23,109.44,"28274 Kevin Divide Suite 527
Nicholsberg, MI 74155",580044092758
spencejohn@example.org,False,BASIC,1.39,2020-02-18,2020-02-27,124.64,"29559 Moran Meadow
Melaniemouth, KY 17413",2279333050133656
lisa61@example.com,False,BASIC,2.98,2020-02-01,2020-02-06,112.19,"659 Brett Shoals Suite 282
North Brookefurt, CA 96543",4293046793249732
oscar50@example.org,False,BASIC,13.71,2020-06-27,2020-08-05,169.91,"5120 Jennifer Spur Suite 514
Elizabethhaven, VA 57185",6545968362735695
martinsamuel@example.org,False,BASIC,23.81,2020-02-26,2020-03-04,129.79,"92192 Beck Courts Suite 760
Robinsonside, GA 65170",4370442585185042
grantdeborah@example.com,True,BASIC,0.17,2020-06-05,2020-06-13,144.29,"28990 William Skyway
Port Elizabeth, SC 40023",4358744865344
jeffrey21@example.org,False,BASIC,14.31,2020-10-31,2020-11-04,169.88,"03840 Franklin Brooks
New Kristinaton, GU 41875",180077655091528
murraymelissa@example.com,False,BASIC,18.78,2020-12-12,2020-12-16,186.8,"5151 Salazar Viaduct Suite 058
East Vanessafort, TX 65906",5145035562175407
andrewgeorge@example.net,False,BASIC,26.64,2020-04-06,2020-04-08,116.17,"60196 Walker Causeway Suite 213
North Stacymouth, KS 32144",3583444728042796
aadams@example.com,False,SUITE,17.69,2020-03-28,2020-03-27,249.68,"USNS Davidson
FPO AP 94664",343720372125913
dwilliams@example.net,False,BASIC,,2020-04-05,2020-04-06,166.57,"794 Calvin Plain
Port Jonathan, MA 85636",30181720621814
johnsonbenjamin@example.net,False,DELUXE,34.32,2020-08-31,2020-08-28,212.64,"USNV Waller
FPO AP 68193",3527978123171626
jessicawright@example.com,False,DELUXE,47.51,2020-05-28,2020-05-31,228.3,"740 Kevin Heights
Port Tamaraberg, NV 62190",6011407530827766
johnsonmary@example.net,False,BASIC,21.42,2020-05-09,2020-05-17,115.61,"717 Ramirez Crest Apt. 738
West Michaelport, MP 73481",60408391393
melissawilliams@example.net,False,BASIC,11.63,2020-06-08,2020-06-11,111.46,"85518 Corey Hill Apt. 981
West Andrewfort, NH 42702",4308975032936386694
mackcrystal@example.net,False,BASIC,13.79,2020-08-20,2020-11-06,96.14,"346 Rebecca Stravenue
Lake Taylorfort, DE 68283",3588707906749225
daniel67@example.net,True,SUITE,0.4,2020-07-01,2020-07-07,202.48,"22276 Smith Shores
South James, MS 07170",4953106381771769
lisa72@example.org,False,BASIC,23.24,2020-07-31,2020-07-30,106.02,"09909 Rose Ports
Lisaberg, KS 87389",4578176597756008
orrsusan@example.org,False,BASIC,10.0,2020-09-11,2020-08-11,116.96,"26864 Reyes Shore Suite 503
Lake Markport, MA 59014",6526776207531127
bryanwong@example.com,False,BASIC,32.74,2020-09-14,2020-09-16,134.46,"212 Janice Spring Suite 873
New Evan, DC 37599",4809017074808
browntiffany@example.net,False,BASIC,8.52,2020-04-01,2020-08-07,124.91,"338 Wendy Fork
Ramosland, GU 75992",6011521093612843
jason33@example.org,False,BASIC,23.38,2020-12-22,2020-12-27,99.62,"USNV Juarez
FPO AP 54875",36805882490279
rachel98@example.com,False,BASIC,18.73,2020-05-18,2020-09-28,116.83,"Unit 2276 Box 3504
DPO AA 05306",4535148321095
john87@example.com,False,BASIC,24.19,2020-08-17,2020-08-22,127.74,"415 Rogers Ports
Lake Kristina, FM 51757",378470305229493
xkelley@example.net,False,BASIC,25.82,2020-09-07,2020-10-21,127.29,"990 Smith Coves Suite 214
Port Brandibury, CT 35606",4632760477410
paynescott@example.net,False,DELUXE,24.03,2020-02-26,2020-03-04,322.92,"61103 Bowman Fork Suite 275
North Michealchester, TN 34915",341760617972069
whiteanne@example.net,False,BASIC,32.63,2020-06-21,,162.02,"76290 Marquez Grove Apt. 105
Watersport, MA 21841",3565584052321670
oglass@example.net,False,BASIC,24.06,2020-09-13,2020-08-21,122.54,"PSC 8119, Box 1341
APO AP 20384",4384211003316745895
maria89@example.net,False,BASIC,16.01,2020-04-27,2020-08-12,107.52,"32098 David Mews Apt. 138
Nicoleshire, FM 23917",180006403009623
dennisbennett@example.net,False,BASIC,20.41,2020-04-19,2020-06-26,184.08,"70837 Murphy Harbor Apt. 980
Tylerfort, RI 85196",30255085236382
gwalton@example.com,False,SUITE,35.59,2020-02-23,2020-02-17,272.08,"25450 Daniel Wells Apt. 430
North Justinchester, NE 52380",344256465611831
amy89@example.com,False,BASIC,17.38,2020-12-11,2020-12-01,124.5,"40632 Matthew Flats
Evansberg, RI 75001",501881774977
ugates@example.net,False,BASIC,8.72,2020-10-26,2020-11-02,146.69,"5563 Davis Springs
New Grace, AK 72574",5485631364807557
kenneth17@example.org,False,BASIC,21.51,2020-07-26,2020-07-27,178.83,"8595 Daugherty Knolls Apt. 474
Jonesfurt, NV 07669",180012593976191
timothyhansen@example.net,False,DELUXE,33.75,2021-01-07,,260.28,"1155 Michael Plaza
Lake Hannah, MA 71002",30227887673294
edickerson@example.org,False,DELUXE,31.16,2020-03-01,2020-02-29,363.82,"5320 Alexander Light Apt. 471
Port Kenneth, KY 27736",3517540673685066
kennethlara@example.net,False,BASIC,,2020-03-09,2020-07-03,117.83,"4350 Bryan Rapid
Toddport, AZ 70704",30244605330875
robert41@example.net,False,DELUXE,12.3,2020-07-29,2020-07-29,182.71,"44402 Luna Greens
Port Miranda, IN 87179",180087636994674
david65@example.org,False,BASIC,17.91,2020-08-24,2020-07-03,116.2,"0505 Kristin Crossing Apt. 761
Ruizport, PR 41933",4926107468377920
jaclyn28@example.com,False,BASIC,14.14,2020-07-15,2020-09-20,125.72,"45339 Hanson Pine Apt. 295
Port Michael, ME 41963",639083729116
owright@example.com,False,BASIC,32.33,2020-06-26,2020-08-22,150.7,"621 Joshua Forks Suite 128
North Adammouth, SD 64236",4099972820391
johnsonsteven@example.net,False,BASIC,15.73,2020-03-02,2020-03-05,115.5,"331 Wayne Expressway Apt. 537
Gregoryborough, MS 41509",3577789690986653
jill26@example.org,False,BASIC,28.17,2020-06-15,2020-09-10,126.33,"30145 Mcpherson Stream
Martinezfurt, NY 08630",180029788630615
diaztheresa@example.net,False,BASIC,12.78,2020-05-29,2020-04-19,121.28,"USNV Hayes
FPO AA 26807",4122194226731657
ahall@example.com,False,BASIC,24.34,2020-02-04,2020-02-06,119.42,"USNV Martin
FPO AE 25231",30509307705784
ysmith@example.com,False,BASIC,18.42,2020-06-20,2020-06-23,113.56,"03905 Eric Hollow Suite 832
Wagnerfort, GU 20441",4395822972544888
montoyarobert@example.com,False,BASIC,16.42,2020-02-13,2020-02-19,122.32,"4852 Roberts Manors
Joneschester, GU 53410",213179332170013
julia69@example.net,False,BASIC,1.66,2020-03-26,2020-01-07,114.74,"805 Kelly Grove Suite 865
Ryanville, WI 43130",4252848940485
scottbrandon@example.com,False,BASIC,16.63,2020-07-20,2020-07-22,129.86,"95617 Amanda Locks
Wilsonmouth, MA 42447",4080497106790191640
gmeyers@example.org,False,BASIC,24.05,2020-01-21,2020-01-22,166.1,"99623 Alvarado Cliffs Apt. 595
Port Bobby, NE 85524",676326840995
mooneypatty@example.org,False,BASIC,34.61,2020-07-02,2020-07-04,116.23,"2615 Courtney Radial Apt. 552
Port Douglas, MP 18478",343302118894100
jessica33@example.org,False,BASIC,7.94,2020-10-28,2020-11-01,111.56,"PSC 0836, Box 0378
APO AP 49860",6546071260533194
john29@example.net,False,BASIC,16.99,2020-04-30,2020-07-04,256.57,"837 Billy Flat Apt. 683
Joshuatown, CO 97657",6571251668300291
tyang@example.org,False,BASIC,15.85,2020-06-22,2020-06-19,119.88,"2420 Leon Islands Apt. 844
Heathfurt, NJ 31463",180039637971458
mendezscott@example.org,False,BASIC,11.98,2020-07-23,2020-07-27,117.12,"228 Kirk Springs
Whiteport, MH 54900",180026418398803
tylerwilliams@example.org,False,BASIC,20.03,2020-11-21,2020-11-23,105.63,"14973 Danny Row Suite 645
South Kelly, VI 37511",3599856420479038
mcknightstephanie@example.net,False,DELUXE,21.51,2020-10-13,2020-11-21,186.68,"78039 Joseph Forges
East Peterburgh, WI 93844",213123585223327
mmiller@example.com,False,SUITE,28.97,2020-02-24,2020-02-23,304.76,"80849 Hahn Union Apt. 570
Lake Robin, NJ 87304",676128109714
campbellaaron@example.com,False,BASIC,11.77,2020-10-22,2020-10-26,176.57,"792 Amy View
Vincentport, ND 56375",377921866097506
creid@example.org,False,BASIC,25.13,2020-04-04,2020-08-23,136.02,"90791 Eric Neck
Port Bradley, AR 09329",4316616454860
ilewis@example.org,False,DELUXE,,2020-12-16,2020-12-17,198.12,"Unit 3224 Box 2658
DPO AA 06392",4079976837424355654
johnsilva@example.org,False,DELUXE,25.02,2020-07-06,2020-07-09,344.41,"04891 Cochran Springs Suite 605
Lindabury, NY 87804",577368448368
calderonallen@example.net,False,BASIC,19.32,2020-02-05,2020-02-08,106.66,"13470 Freeman Roads Apt. 933
North Jennifer, WI 55570",4845341687618
qwebster@example.net,False,BASIC,17.41,2020-02-09,2020-02-12,104.82,"92711 Skinner Vista Apt. 004
North Kelly, ME 38822",2280079625822896
espinozaricky@example.net,False,BASIC,,2020-09-29,2020-08-11,131.51,"2472 Kidd Radial
Heidiburgh, MD 42941",4328300981782299084
sheltonkyle@example.net,False,BASIC,12.33,2020-12-14,2020-12-02,108.03,"205 Timothy Islands
Port Heather, VA 77795",372896432927623
jsmith@example.org,False,BASIC,33.5,2020-09-06,2020-10-28,120.46,"7644 Megan Dale
Karenville, NC 56552",3549650251931154
andrewhill@example.net,False,BASIC,22.09,2020-10-13,2020-10-16,101.03,"4216 Emily Estates Suite 948
Port Nicholas, OH 41723",501875417583
gosborn@example.com,False,BASIC,19.8,2020-09-24,2020-09-11,163.33,"149 Jenkins Ferry
Angelaburgh, SD 39275",342590162376245
edward52@example.org,False,DELUXE,11.06,2020-12-07,2020-12-10,173.93,"29657 Jessica Orchard Apt. 919
North Greggside, AR 22437",213129135048650
simpsonwilliam@example.org,False,BASIC,18.43,2020-10-30,2020-11-03,120.46,"USNS Knight
FPO AE 98187",3521575433335440
castillomaria@example.com,False,BASIC,6.34,2020-03-16,2020-03-20,112.23,"5744 Summers Rue
Marctown, GA 43494",4428359228142986
sandrachavez@example.net,False,BASIC,20.9,2020-01-16,,139.88,"Unit 3266 Box 5165
DPO AE 96540",676157525814
rosariodan@example.net,False,BASIC,25.97,2020-09-12,2020-09-19,136.82,"759 Wanda Mission Apt. 190
West Justin, ME 60826",4000274207730493
gomezelizabeth@example.org,False,BASIC,,2020-03-09,2020-03-10,133.42,"14131 Brown Ports Suite 730
East Danielmouth, OH 04076",60444773745
warrenpatricia@example.org,False,BASIC,12.27,2020-12-01,2020-12-03,161.51,"312 Melinda Mills Apt. 648
Lake Angelaland, ND 04054",3575406332683869
ycabrera@example.net,False,BASIC,21.75,2020-07-04,2020-06-19,214.68,"9632 Mcdaniel Trafficway Apt. 046
Pittmanberg, PR 14794",4333863125548114216
heidi58@example.com,False,BASIC,14.19,2020-11-18,2020-11-26,109.23,"915 Jenna Via
Walkerfurt, PR 94184",676254832899
cbruce@example.com,False,DELUXE,5.49,2020-10-05,2020-11-12,166.9,"561 Sophia Dale Apt. 994
New Jason, IN 13137",370028946319046
ogarcia@example.net,False,DELUXE,25.72,2020-02-26,2020-07-07,255.22,"31840 Taylor Trail Apt. 414
Burchland, MA 71046",5323985069986579
brendabarrett@example.com,False,BASIC,7.01,2020-07-01,2020-11-07,116.05,"9222 Cole Bridge Apt. 249
New Mollybury, AZ 49167",676275545108
jamie94@example.com,False,SUITE,13.83,2020-09-02,2020-08-27,304.18,"826 Kayla Crossroad
New Michael, GU 15528",4140710725771
ballardcourtney@example.com,False,BASIC,25.2,2020-10-01,2020-09-26,128.27,"183 Teresa Port
Taylorport, MI 14920",376438572592226
kennedybryan@example.org,False,BASIC,20.91,2020-09-21,2020-08-16,180.29,"619 Renee Point Apt. 408
Joneshaven, VT 36214",4431845357360
lcarey@example.org,False,BASIC,14.05,2020-02-06,2020-03-22,115.27,"0239 Wilson Burgs
Hubbardfurt, AZ 56243",5140426941254853
ggregory@example.com,True,DELUXE,0.92,2020-05-26,2020-09-06,193.08,"887 Moore Route
Kimberlytown, DE 67868",3547519464789331
nmarquez@example.net,False,BASIC,16.39,2020-05-28,2020-06-03,118.69,"Unit 2587 Box 6572
DPO AE 37615",30038752817100
david32@example.org,False,BASIC,21.43,2020-10-11,2020-11-01,130.59,"USNS Stark
FPO AE 40238",4719025286296
ule@example.org,False,BASIC,28.38,2020-02-29,2020-03-31,154.09,"Unit 1475 Box 0359
DPO AA 72533",4809575303618595
osborncaleb@example.org,False,BASIC,21.27,2020-09-06,2020-11-14,95.87,"631 Williams Camp Apt. 555
Lake Randall, OH 98809",213164756314289
julie49@example.net,False,BASIC,26.95,2020-08-05,2020-06-09,240.38,"0640 Gilmore Village Suite 572
Brittanyport, KS 22306",3536102638455908
michaelmitchell@example.net,False,BASIC,,2020-12-12,2020-11-28,116.81,"764 Henry Parkways
East Cherylville, NE 53360",4329673346507
ztodd@example.com,False,DELUXE,13.75,2020-10-07,2020-10-10,168.5,"5423 Watson Highway
South Michellemouth, DE 19338",4857427905032786
bryancooper@example.org,False,BASIC,11.13,2020-08-14,2020-06-17,121.42,"2507 Martin Street
Gregoryhaven, IA 05610",60448012132
dtaylor@example.org,False,BASIC,,2020-03-27,2020-03-07,99.24,"PSC 5486, Box 8505
APO AA 41648",3556247767667313
goodwinwayne@example.com,False,DELUXE,24.26,2020-07-04,2020-05-19,279.82,"Unit 1282 Box 4625
DPO AA 07224",348019839408185
selena47@example.com,False,BASIC,,2020-07-29,2020-06-23,175.53,"585 Diane Walks
Elizabethfort, VT 92023",4884212699755546
chughes@example.net,False,BASIC,33.62,2020-01-24,2020-01-22,125.5,"853 West Road
Sarahton, SD 87074",4965292928102198925
justinwilson@example.org,False,SUITE,33.26,2020-02-25,,255.83,"76226 Thomas Trail
Lake Jeffrey, TX 55397",5438407778047389
joseph37@example.org,False,BASIC,21.16,2020-10-10,2020-12-22,203.61,"21605 Martinez Forks
West Nicoleberg, WV 52830",6011853867267466
tespinoza@example.com,False,BASIC,17.97,2020-05-31,2020-06-04,121.24,"7763 Stewart Center Suite 392
Lake Ericstad, DC 49260",4883572094808
xcole@example.com,False,BASIC,31.96,2020-01-26,2020-04-26,108.06,"33285 David Coves
West Maurice, KS 33930",3549894008899526
timothyfigueroa@example.com,False,DELUXE,7.86,2020-10-18,2020-10-15,142.36,"Unit 9983 Box 2169
DPO AE 24461",6011684527693316
qosborne@example.com,False,DELUXE,2.17,2020-05-22,2020-05-19,237.37,"083 Rodriguez Light Apt. 250
North Thomas, OH 45472",577678006435
greeneerik@example.org,False,BASIC,27.13,2020-09-23,2020-07-15,106.48,"9736 Amber Highway Apt. 783
Davisfort, MS 44092",6505842981272505
sperkins@example.org,False,DELUXE,24.67,2020-01-19,2020-03-22,282.57,"59044 Andrew Vista Apt. 544
Lake Tammy, CT 63806",4082431483670303
anthonyrebecca@example.net,False,BASIC,33.26,2020-03-30,2020-04-02,121.76,"80054 George Causeway
Gloriafurt, WV 08454",4641282279430962
murrayjavier@example.org,False,BASIC,13.03,2020-04-20,2020-07-19,130.77,"269 Hughes Forks
Ericberg, SC 62798",4788907100142841483
xschneider@example.org,False,BASIC,11.14,2020-10-13,2020-06-12,114.98,"2706 Tammy Trace
Port Thomas, MH 16866",2242109999157517
vlee@example.org,False,BASIC,15.07,2020-10-02,2020-08-02,115.08,"25706 Cynthia Squares
South Jasonmouth, RI 95309",30240150976773
charles30@example.org,False,BASIC,15.82,2020-03-05,2020-03-06,156.34,"582 Amy Spur Suite 461
Lake Lauren, MS 31004",3596663223492595
rstephens@example.net,False,BASIC,13.19,2020-05-18,2020-05-26,102.88,"5454 Huynh Tunnel
New Davidton, VI 82729",574232427124
ejones@example.net,False,BASIC,,2020-07-22,2020-07-30,108.49,"80841 Larry Falls
West Kiara, GU 17084",2232078801326713
radams@example.com,True,DELUXE,0.64,2020-05-15,2020-05-17,167.44,"040 Sharon Spurs Apt. 873
Ballbury, UT 52934",4910885383717
rpage@example.net,False,SUITE,2.88,2020-07-03,2020-07-05,216.82,"1964 Christopher Lodge Suite 319
Davidburgh, RI 92342",30243312114374
ilopez@example.com,False,BASIC,32.9,2020-03-04,2020-08-22,186.36,"5968 Amy Turnpike
South Amandastad, LA 53726",2720422456510693
walkerallen@example.com,False,BASIC,27.7,2020-01-27,2020-01-30,123.86,"72880 Bennett Crossroad
Lake Johnville, IN 63901",3516173925777332
michaelharris@example.org,False,DELUXE,14.63,2020-06-04,2020-05-31,185.99,"5494 Willis Roads
Snowbury, TX 49337",502011072407
elizabethcoleman@example.com,False,BASIC,15.45,2020-05-31,2020-06-01,115.69,"5027 William Crossroad Suite 138
East Staciefurt, CA 70402",4085282135335546313
ccollins@example.com,False,DELUXE,35.18,2020-04-23,2020-07-28,236.47,"PSC 7522, Box 7091
APO AP 10980",4328359581911697
nicole57@example.net,False,SUITE,25.03,2020-06-11,2020-06-20,221.94,"79527 Frank Ridge
Ianfurt, TN 66333",4165879118097914
tracy60@example.com,False,BASIC,19.58,2020-09-25,2020-08-22,112.1,"703 Brandon Cliff
Tamaraport, TX 20748",4445425832195723164
ashleycurry@example.org,False,BASIC,,2020-02-27,2020-02-27,137.99,"66258 Dylan Well
Grayburgh, IL 36264",36835824086430
michael95@example.net,False,DELUXE,33.62,2020-01-05,2020-02-09,207.97,"7736 Mayer Manor
Moodyfurt, NM 04214",4430098308431887
perrymichael@example.com,False,BASIC,23.94,2020-02-10,2020-02-18,253.9,"7323 Allen Shore Apt. 298
East Meganshire, PW 12998",3597380784097320
ashleymccall@example.com,False,DELUXE,27.97,2020-01-22,2020-01-24,228.77,"806 Elizabeth Skyway
North Jesusville, NC 51148",4931042652827328
candice62@example.net,False,BASIC,13.15,2020-06-08,2020-06-22,127.61,"Unit 9816 Box 1387
DPO AE 42172",3555924770927014
nealbailey@example.org,False,BASIC,13.47,2020-06-15,2020-06-07,115.08,"181 Mary Knolls
Lake Stephaniechester, NM 56661",340388686831197
owensjoseph@example.com,True,SUITE,0.0,2020-07-25,2020-06-27,211.34,"98723 Lydia Springs Apt. 912
Baldwinport, TN 46119",4317278284532265963
gloria15@example.org,False,BASIC,23.75,2020-03-07,2020-03-15,125.27,"80579 Brown Stream
North Tammy, MD 31110",2507738139192719
josephrichardson@example.com,True,SUITE,9.94,2020-08-01,2020-07-22,340.52,"70400 Kelley Estate
Jennifershire, NV 16951",340514743131871
blairsteven@example.com,False,BASIC,18.61,2020-05-13,2020-05-11,235.85,"20669 Brenda Turnpike Suite 428
Jesseberg, MI 18500",342369951753769
khancock@example.com,False,BASIC,20.74,2020-03-11,2020-02-25,123.62,"73072 Charles Knolls
South Elizabethstad, NH 77995",3507500982453681
zgreen@example.net,False,BASIC,13.09,2020-07-22,2020-07-29,131.61,"50458 Dave Meadow
Carpenterton, NC 81121",30345562688237
jonesashley@example.net,False,BASIC,16.11,2020-07-01,2020-06-01,117.95,"4015 Knight Bypass Suite 713
Orrville, AL 59182",4245532216159516
williamwilson@example.org,False,BASIC,12.72,2020-01-16,2020-03-16,110.44,"6440 Joseph Hills Suite 830
Port Gregory, IN 82997",2516028059413157
sherrycook@example.org,False,SUITE,18.4,2020-02-26,2020-02-29,237.9,"9592 Jones Extensions Apt. 621
West Douglas, NM 15025",4576886415630753
victorreese@example.com,False,BASIC,12.34,2020-07-08,2020-07-06,118.28,"648 Thomas Loaf
Jonathanville, MI 04021",3574346644461383
jenniferbarrett@example.com,True,SUITE,0.0,2020-07-27,2020-11-23,226.53,"439 Wilson Crest Suite 512
Liside, GU 99432",373288945818367
stephenaustin@example.org,False,BASIC,0.61,2020-11-07,2020-11-11,122.15,"580 Billy Field
Zacharyborough, NC 35132",3501952202002267
oliverjessica@example.net,False,DELUXE,24.7,2020-01-20,2020-01-26,172.85,"117 Bass Drive Suite 098
Jennachester, MS 53146",30045125876911
evanskelly@example.org,False,BASIC,37.89,2020-09-06,2020-09-09,116.55,"Unit 0339 Box 1392
DPO AE 92143",4028624448518339
rhodesjames@example.org,False,BASIC,1.54,2020-09-28,2020-08-27,105.18,"21587 Todd Orchard
Port Kevintown, KS 48865",4895964412646
vsutton@example.net,False,BASIC,17.26,2020-09-09,2020-06-20,111.88,"39689 Martha Gateway
Lake Jason, NV 27848",4749160527489348
ebruce@example.net,False,BASIC,22.31,2020-11-14,2020-11-21,118.23,"9904 Diane Ville
Jonathonview, ND 29732",377287806627947
kendra08@example.com,False,SUITE,,2020-11-24,2020-11-25,297.06,"46330 Jessica Estate Suite 054
West Andrewstad, NE 11939",5254350253338694
williamsmichelle@example.net,False,BASIC,10.39,2020-12-03,2020-12-07,149.01,"6046 Reed Valley Apt. 014
Lake Raymond, AK 39689",3540110237343338
amanda14@example.com,False,BASIC,23.6,2020-04-06,2020-04-03,199.76,"19294 Keith Gardens Apt. 598
South Gerald, NV 82729",4085232538241257
maryacosta@example.net,False,BASIC,16.94,2020-11-09,2020-10-02,109.81,"5793 Jasmine Inlet
Monroeland, MN 38582",371519786485615
yorkdestiny@example.org,False,BASIC,22.16,2020-11-08,2020-10-03,317.64,"8624 Sanchez Rest
New Charlesborough, SD 13344",676360673062
barnesjeremy@example.com,False,BASIC,13.37,2020-03-10,2020-05-13,157.9,"PSC 5973, Box 5021
APO AP 40871",370351118988681
cfox@example.com,False,BASIC,17.96,2020-06-07,2020-06-07,123.8,"968 James Cliffs Suite 801
Gilesstad, CO 24523",6011363281485462
adamsmith@example.org,False,BASIC,17.58,2020-01-22,2020-01-25,126.95,"7866 Valerie View Apt. 196
New Jeremybury, NH 05922",4102516717450647447
edward04@example.com,False,BASIC,35.03,2020-08-07,2020-08-10,130.99,"5703 Mcdowell Tunnel Apt. 988
South Tommy, MI 68702",3555405624018663
whitejames@example.org,False,BASIC,27.19,2020-02-07,2020-07-27,124.8,"625 Mark Mountains Suite 833
Ericastad, ND 95016",3508295395196477
barry53@example.org,False,BASIC,,2020-09-09,2020-11-01,124.71,"4065 Lopez Lane Apt. 699
Marquezberg, WV 39164",4222829211249772
nguyenjeremy@example.net,False,BASIC,16.44,2020-03-16,2020-05-18,129.05,"Unit 8603 Box 1687
DPO AA 98691",4659120309582999
edward86@example.com,False,BASIC,23.98,2020-10-01,2020-10-05,115.49,"USS Roberts
FPO AA 25770",4565296071740172
derrickrice@example.net,False,BASIC,28.43,2020-06-25,2020-07-05,123.58,"800 Moore Canyon Apt. 420
Timothyborough, AR 53308",60466455346
zharper@example.com,False,BASIC,12.85,2020-04-30,2020-04-20,130.37,"287 Tammy Springs Suite 667
New Brandyfurt, MA 23574",213160985572259
martinjasmine@example.com,False,DELUXE,13.15,2020-05-31,,238.48,"160 Donna Loop
East James, MP 56280",2292514498100224
olivia80@example.org,False,BASIC,32.11,2020-10-24,2020-10-24,109.12,"9155 Garcia Club Apt. 883
Lake Beth, MA 72215",180021447441948
amartinez@example.org,False,DELUXE,35.15,2020-05-01,2020-07-11,197.64,"26486 West Burg Suite 381
Port Tammy, MH 30581",30068443387262
sarahwarren@example.org,False,DELUXE,11.67,2020-03-25,2020-03-28,245.64,"USS Wiley
FPO AE 78992",4986581400252
apena@example.com,False,BASIC,21.64,2020-08-16,2020-07-18,119.43,"0805 Philip Knoll Apt. 078
Lake Randy, IA 38594",4461813257815340
xturner@example.net,False,BASIC,8.91,2020-05-14,2020-06-08,117.67,"06212 Amber Gateway
West Stephen, MN 38089",4099787936480215
pfarmer@example.com,False,BASIC,9.1,2020-11-24,2020-11-26,108.19,"2829 Macias Union Suite 751
New Cherylstad, OR 62894",4914777574732947
xramirez@example.net,False,BASIC,23.51,2020-11-17,2020-11-18,110.05,"2386 Kimberly Turnpike Suite 994
Nataliemouth, ND 43283",4858165352599
vflores@example.net,False,BASIC,21.94,2020-05-25,,100.54,"3755 Carpenter Hollow Suite 613
Robertfort, ND 02277",340025627466754
tmercado@example.net,False,BASIC,18.64,2020-02-06,2020-02-12,222.49,"138 Nash Islands
Daniellechester, LA 32337",4061723793911384
christopher48@example.com,False,BASIC,36.52,2020-03-15,2020-03-18,112.07,"079 Rebecca Stravenue Suite 619
West Jobury, PR 81959",4149984315636398
ivillegas@example.net,False,BASIC,3.27,2020-10-31,,103.9,"5785 Larry Falls Suite 723
Kennedyshire, OK 92459",4456971466644
louis16@example.com,False,BASIC,32.78,2020-09-04,2020-09-08,206.84,"062 Thomas Island Suite 746
Breannabury, VA 87844",4068251144824562
mcconnelllisa@example.com,False,BASIC,24.52,2020-02-17,2020-03-19,105.5,"864 Garcia View Suite 297
Sherryport, NM 28411",676135955174
aaronvillegas@example.net,False,BASIC,19.97,2020-08-23,2020-08-06,111.34,"69960 Johnson Ford
Aguilarberg, MD 22924",2291503935581543
russellwendy@example.org,False,BASIC,34.09,2020-07-25,2020-07-27,121.49,"590 Dean Keys
Williamsmouth, HI 14909",5515870357649113
mleach@example.net,False,BASIC,21.32,2020-12-14,2020-12-20,186.76,"54841 Jennifer Fall
Amberburgh, OK 76010",6011520245097945
bradleymartin@example.com,False,BASIC,15.04,2020-07-02,2020-06-30,105.99,"1391 Kyle Spring Suite 670
East Amanda, TN 68407",6596726743917061
broman@example.com,False,BASIC,27.0,2020-07-17,2020-07-23,197.65,"36267 Chang Lake
Lewisburgh, VT 17191",4935864048693486
dennisgray@example.org,False,BASIC,,2020-02-22,2020-02-29,117.04,"Unit 1347 Box 8047
DPO AE 13248",38616099694316
owilliams@example.org,False,BASIC,17.39,2020-02-09,2020-02-06,119.11,"21672 Glover Isle Apt. 103
Myersstad, LA 96625",4735366374484110
rachelroach@example.com,False,BASIC,17.24,2020-11-23,2020-11-24,113.98,"USS Cooper
FPO AP 65849",3544977257598405
uwilliams@example.org,False,BASIC,16.81,2020-10-28,2020-11-04,211.72,"6413 Carmen Harbor
Meganbury, RI 42376",213198399383533
toddwallace@example.org,False,BASIC,23.02,2020-10-23,2020-12-02,131.62,"610 Lopez Club Apt. 173
Cardenasstad, IL 09567",4587189961328923
klinealexander@example.com,True,BASIC,2.63,2020-11-14,2020-11-18,152.45,"193 Carpenter Stravenue
West Brett, AR 33421",6558182409555611
racheldaniel@example.org,False,BASIC,,2020-09-01,2020-08-31,125.32,"USNV Rosales
FPO AP 10940",4078444793512350
thomas72@example.com,False,BASIC,35.53,2020-02-29,2020-02-27,105.93,"9418 Alejandro Cliffs
Port Raventon, MS 87001",3555349811204126
wilsonmatthew@example.net,False,BASIC,,2020-04-09,2020-04-12,105.47,"USS Farrell
FPO AA 78210",3530511879233038
woodsjasmine@example.net,False,BASIC,13.62,2020-07-09,2020-06-15,107.38,"4724 Kelley Plaza
Timothyberg, GU 03563",4676953685055928
edward69@example.org,False,DELUXE,,2020-09-03,2020-09-02,351.08,"7996 Pham Cove Suite 434
Anthonyfort, NM 98125",30132303704634
vvance@example.org,False,DELUXE,18.2,2020-04-06,2020-07-02,192.6,"4429 Martin Trafficway Suite 048
Yangburgh, DE 36552",2675362646542211
hestertyler@example.com,False,BASIC,33.98,2020-06-09,2020-08-04,177.75,"USNS Davidson
FPO AP 41561",4436649886423
andreabrewer@example.com,False,BASIC,12.94,2020-08-04,2020-08-10,112.8,"09181 Brown Port Apt. 763
Snowberg, MH 67755",6011656636846746
lynchsteven@example.net,False,BASIC,9.88,2020-03-11,2020-03-13,127.25,"927 Williams Inlet
New Pamela, UT 97158",4057768948843194
lynchjill@example.com,False,BASIC,11.58,2020-05-05,2020-08-15,121.63,"88419 Nelson Forge Apt. 948
Timothyberg, AS 22549",502066506937
nguyenmolly@example.org,False,BASIC,,2020-12-31,2020-12-01,141.78,"0114 Laura Highway Apt. 723
Lake Kellichester, KY 85278",4318872935636226
jessicaturner@example.com,False,BASIC,11.43,2020-03-14,2020-07-24,124.46,"2692 Russell Inlet Suite 269
Anthonyhaven, MH 46478",6011920412465893
morganmegan@example.org,False,BASIC,,2020-07-15,2020-05-09,128.47,"543 Buchanan Burg
Vegaborough, IN 89552",180088115620251
jeffrey87@example.net,False,BASIC,17.02,2020-02-27,2020-05-27,156.38,"1095 Gray Village Suite 299
South Susan, NC 02127",4692762558374373632
woodsdaniel@example.com,False,BASIC,17.89,2020-05-23,2020-05-26,108.29,"48283 Christopher Glens
Katelynmouth, MS 29728",30186661948662
krystal86@example.org,False,BASIC,,2020-06-07,2020-06-09,103.32,"4043 Johnson Drives
Parsonsmouth, FM 47391",30021300974680
robertblair@example.org,False,BASIC,0.81,2020-12-12,2020-12-14,116.28,"83059 Jonathon Center
New Julia, NJ 60878",502075499827
kathleen35@example.org,False,BASIC,19.65,2020-09-17,2020-10-11,134.68,"9399 Weaver Valleys Apt. 541
North Alyssa, SC 26969",4246906522881278280
lwells@example.net,False,BASIC,25.38,2020-12-16,2020-12-15,128.07,"3438 Gonzalez Gardens Apt. 274
Williamville, UT 52330",4706430059493079853
rsmith@example.com,False,BASIC,14.77,2021-01-07,2021-01-06,102.3,"USNV Stone
FPO AP 41079",3584717387046235
julie28@example.org,False,DELUXE,12.67,2020-09-01,2020-08-31,228.46,"0421 Cordova Shore Suite 776
Thomasmouth, VT 65231",3553699529679619
virginia58@example.net,False,BASIC,15.39,2020-07-20,2020-07-16,113.16,"98738 Stephen Spurs
Lake Jeffrey, VT 38174",562783609497
samantha34@example.net,False,BASIC,20.59,2020-12-14,2020-11-23,147.21,"PSC 9112, Box 6934
APO AP 31268",4078040804132
matthewjenkins@example.net,False,DELUXE,22.6,2020-05-21,,316.17,"2095 Johnson Wells Apt. 771
East Jefferymouth, NE 71007",376074068287144
fschultz@example.com,True,DELUXE,4.9,2020-05-05,2020-06-08,129.69,"4039 David Neck
Conwayhaven, NV 11145",30365920117752
webstersara@example.com,False,BASIC,21.46,2020-06-19,2020-06-28,99.26,"40595 Mckinney Forest Suite 312
New Joshuatown, WY 72914",4781626720504972389
sean31@example.net,False,BASIC,23.94,2020-05-17,2020-06-20,109.71,"74976 Leslie Run
Ashleyville, NY 94920",30425743109988
dennismorse@example.org,False,BASIC,17.47,2020-03-24,2020-02-09,241.24,"4618 Barnes Corner
North Jamiefurt, NV 69261",561164931355
swansondeborah@example.org,False,BASIC,19.41,2020-02-17,2020-02-21,133.98,"Unit 1267 Box 8235
DPO AP 90088",180096479952400
dpace@example.com,False,BASIC,18.46,2020-02-10,2020-02-13,117.32,"217 Jensen Forge Apt. 494
Jaredburgh, SC 57355",4221720073433037
bakerstephen@example.com,False,BASIC,2.04,2020-07-11,2020-06-27,107.03,"5693 Michael Route Apt. 079
Lake Nancyburgh, WI 59151",180018071322592
jmartin@example.com,False,BASIC,23.1,2020-08-26,2020-08-14,102.89,"28330 Elizabeth Mill Suite 514
Port Matthew, FM 60291",36285018997549
sroberts@example.com,True,SUITE,0.0,2020-02-12,2020-02-15,272.79,"7987 Ryan Squares Suite 084
North Mariashire, WA 35263",30214522758342
mollylee@example.com,False,BASIC,29.23,2020-03-06,2020-03-09,115.75,"881 Alexander Rapids Apt. 809
Delacruzborough, RI 80606",30517789411029
pharris@example.org,False,DELUXE,23.34,2020-02-29,2020-02-27,366.35,"419 Hayley Points
North Anthonyville, OK 05394",375592032627310
kelly08@example.com,False,BASIC,18.84,2020-03-08,2020-03-14,116.42,"271 Mosley Forges Apt. 933
Kennethfurt, OR 08917",676335420813
robinsonvictoria@example.net,False,DELUXE,13.09,2020-02-13,2020-02-17,296.52,"45378 Stephanie Dale Suite 914
Tanyamouth, OK 66390",4856307889619
james20@example.net,False,BASIC,19.12,2020-06-16,2020-07-30,128.24,"46262 Carter Roads
Lake Caitlin, ID 47528",370942113672393
sarahernandez@example.com,False,BASIC,17.59,2020-05-21,2020-05-24,110.31,"418 Johnson Mall
Andreabury, MS 02294",6550334034134951
tracey36@example.net,False,SUITE,24.34,2020-04-18,2020-02-20,218.25,"1246 Chad Skyway Apt. 329
Bowmanstad, KY 93847",3566611051257859
galvanjennifer@example.net,False,BASIC,18.22,2020-02-09,,108.17,"0904 Johns Summit
Thomasmouth, ME 28175",38592725446654
asmith@example.org,False,BASIC,26.21,2020-01-30,2020-01-31,175.67,"369 Simmons Ports
North Christinechester, FM 95055",344825503308830
katrinamills@example.org,False,BASIC,11.07,2020-07-30,,118.27,"5321 Delacruz Islands
New Samanthashire, ID 47693",2453032146499810
williamdaniels@example.com,False,BASIC,19.08,2020-09-16,2020-08-03,115.07,"89437 Taylor Expressway
East Bethburgh, DE 26781",370576415315895
josephhoffman@example.com,False,BASIC,14.19,2020-03-04,2020-04-13,124.75,"15815 Casey Roads
Port Timothy, DE 24392",347228452286395
amberbutler@example.net,False,BASIC,15.41,2020-11-16,2020-11-17,109.16,"5319 Anderson Locks Suite 592
Hillville, VA 06359",2711789469872356
annafarmer@example.com,False,BASIC,21.52,2020-10-31,2021-01-08,142.0,"1668 Parker Views Apt. 622
Garrisonshire, WY 26577",30375735526873
amberlewis@example.com,False,BASIC,18.76,2020-04-09,2020-06-30,115.32,"2671 Gerald Tunnel Suite 286
North Samuel, FM 27411",6506927976009019
thomas24@example.org,False,BASIC,8.84,2020-03-14,2020-07-13,110.87,"2030 Christopher Inlet
Port Amber, MH 07045",3526196533166935
gabriellekelly@example.net,False,BASIC,27.08,2020-09-14,2020-11-09,117.73,"96965 Ellis Springs
Lake Spencer, OH 88534",3571937827933223
brianzamora@example.net,False,BASIC,30.82,2020-10-28,2020-06-22,103.95,"PSC 6402, Box 5375
APO AA 15664",503815778215
bmorris@example.org,False,BASIC,5.6,2020-03-25,2020-03-18,182.46,"581 Snyder Land Apt. 824
Kennethtown, FM 19786",6576709380172244
chavezhannah@example.net,False,BASIC,21.39,2020-11-18,2020-07-23,111.23,"PSC 1964, Box 0032
APO AA 02406",6594795746540156
gravessteven@example.org,False,BASIC,13.71,2020-02-07,2020-02-07,108.08,"PSC 7307, Box 7468
APO AE 12560",30590854798711
cassie32@example.org,False,BASIC,22.55,2020-08-23,2020-09-06,167.98,"436 Smith Crest Suite 733
Melissaport, NM 15692",576329586753
brandonallen@example.net,False,BASIC,22.49,2020-03-08,2020-02-18,123.29,"10839 Smith Valleys Apt. 529
Kingport, NH 79930",3595324053092135
vsteele@example.com,False,BASIC,16.79,2020-10-09,2020-10-03,136.53,"8788 Erin Orchard Apt. 839
South Stephanie, AS 73913",4277493960226343
udavidson@example.com,False,BASIC,11.62,2020-01-31,2020-02-05,133.09,"786 Evan Forges Suite 792
West Lisa, NY 98423",2247778094836293
kyle23@example.net,False,BASIC,28.09,2021-01-02,2020-11-28,129.96,"58454 Sherman Isle Suite 890
East David, NM 91780",6582782115808335
donnaodom@example.net,False,DELUXE,,2020-02-09,2020-02-16,153.85,"328 Danny Haven Apt. 575
Brownbury, FM 31800",180069262819334
tammycarey@example.net,False,BASIC,16.68,2020-07-12,2020-07-09,117.87,"48578 Parker Underpass
Bradybury, VA 45723",4716059563401606
gwebb@example.org,False,BASIC,18.38,2020-12-28,2021-01-02,121.42,"590 Peterson Roads Apt. 892
Lake Phillip, NE 80049",3564840847844629
carlnovak@example.com,False,BASIC,14.1,2020-07-29,2020-07-28,283.07,"2854 Steven Haven
West Michael, NE 22990",4707209056757331019
lwilliams@example.org,True,BASIC,1.85,2020-03-14,2020-07-25,111.16,"732 Dale Camp
Port Jennifer, MP 64418",213123330164875
